<?xml version="1.0"?>
<!DOCTYPE hibernate-mapping PUBLIC "-//Hibernate/Hibernate Mapping DTD 3.0//EN"
"http://hibernate.sourceforge.net/hibernate-mapping-3.0.dtd">
<!-- Generated Feb 18, 2014 6:43:45 PM by Hibernate Tools 3.4.0.CR1 -->
<hibernate-mapping>
    <class name="com.motech.Note" table="NOTE">
        <id name="id" type="int">
            <column name="ID" />
            <generator class="identity" />
        </id>
        <property name="note" type="java.lang.String">
            <column name="NOTE" />
        </property>
    </class>
</hibernate-mapping>
